date,close,volume
2015-01-05,100.0000,922409
2015-01-06,98.1160,695302
2015-01-07,96.4988,772025
2015-01-08,95.6792,1441948
2015-01-09,96.8824,819919
2015-01-12,96.5748,737899
2015-01-13,97.3296,962038
2015-01-14,95.1872,1037219
2015-01-15,94.1595,610662
2015-01-16,94.4761,881616
2015-01-19,93.5426,721763
2015-01-20,95.8351,923847
2015-01-21,97.0304,697746
2015-01-22,97.8368,1258252
2015-01-23,96.7523,912900
2015-01-26,96.1611,454394
2015-01-27,95.4001,745412
2015-01-28,94.4356,1087545
2015-01-29,93.7455,727656
2015-01-30,92.2799,964280
2015-02-02,90.5714,507825
2015-02-03,91.2896,571599
2015-02-04,88.4233,1129037
2015-02-05,88.2508,1080591
2015-02-06,88.7330,677521
2015-02-09,89.7213,616306
2015-02-10,90.8106,1868133
2015-02-11,91.7359,850946
2015-02-12,92.5681,1201110
2015-02-13,93.6941,819514
2015-02-16,95.4755,1087821
2015-02-17,95.1887,585243
2015-02-18,94.3936,803446
2015-02-19,96.6121,372946
2015-02-20,98.3758,1149904
2015-02-23,99.3628,1043151
2015-02-24,100.8206,1060189
2015-02-25,99.6096,588250
2015-02-26,101.3863,537507
2015-02-27,100.9790,2461993
2015-03-02,101.6207,1667508
2015-03-03,101.0309,1037907
2015-03-04,100.4142,1184493
2015-03-05,102.2480,769066
2015-03-06,102.7898,1326044
2015-03-09,102.5206,695261
2015-03-10,103.5680,1117007
2015-03-11,104.2212,961749
2015-03-12,104.9058,805406
2015-03-13,104.5444,1407652
2015-03-16,105.0848,771036
2015-03-17,106.1339,468807
2015-03-18,105.8738,587663
2015-03-19,105.0091,976426
2015-03-20,103.4577,781375
2015-03-23,102.9452,693615
2015-03-24,103.1261,943890
2015-03-25,101.4894,1295865
2015-03-26,101.7636,1307588
2015-03-27,101.0423,552946
2015-03-30,100.3404,1480070
2015-03-31,99.3949,970016
2015-04-01,98.4268,1197423
2015-04-02,98.3324,1150424
2015-04-03,98.0407,1033615
2015-04-06,98.5126,583211
2015-04-07,98.3738,1254222
2015-04-08,97.4532,899000
2015-04-09,97.0735,820131
2015-04-10,97.2544,2245098
2015-04-13,99.2076,941720
2015-04-14,101.0857,618329
2015-04-15,99.2727,477396
2015-04-16,100.2219,576930
2015-04-17,99.9170,861501
2015-04-20,99.6189,881303
2015-04-21,98.2950,646289
2015-04-22,98.4290,952218
2015-04-23,98.1089,730842
2015-04-24,98.6756,836131
2015-04-27,97.7951,1449047
2015-04-28,96.9756,470641
2015-04-29,97.6961,868288
2015-04-30,99.4892,951406
2015-05-01,101.9199,1048727
2015-05-04,101.3334,1069503
2015-05-05,101.5037,1034293
2015-05-06,100.3348,1234477
2015-05-07,101.8443,1699282
2015-05-08,105.1668,769892
2015-05-11,106.6763,819827
2015-05-12,109.3899,938263
2015-05-13,107.6468,1123045
2015-05-14,106.9599,1254265
2015-05-15,105.2061,872848
2015-05-18,104.1852,1242754
2015-05-19,105.6232,1439489
2015-05-20,104.2645,1636041
2015-05-21,103.7050,1917263
2015-05-22,102.1523,989365
2015-05-25,103.1970,638321
2015-05-26,103.2260,1066822
2015-05-27,103.3582,501916
2015-05-28,102.7740,1196751
2015-05-29,103.6052,956680
2015-06-01,104.0450,1300561
2015-06-02,105.1364,898566
2015-06-03,105.0396,618875
2015-06-04,103.3686,587968
2015-06-05,105.2676,1052225
2015-06-08,104.3406,863105
2015-06-09,105.9408,979319
2015-06-10,103.8267,631924
2015-06-11,104.6319,742752
2015-06-12,105.3635,1032477
2015-06-15,102.4077,717513
2015-06-16,100.9305,1339956
2015-06-17,103.1045,882006
2015-06-18,105.5307,616123
2015-06-19,104.8033,646946
2015-06-22,104.3078,955576
2015-06-23,104.1531,734603
2015-06-24,105.4449,2303640
2015-06-25,104.5540,1274430
2015-06-26,103.3337,955996
2015-06-29,100.9407,625363
2015-06-30,100.8186,709265
2015-07-01,100.8943,609312
2015-07-02,99.8267,630057
2015-07-03,102.0346,992065
2015-07-06,101.7339,910353
2015-07-07,100.3008,727657
2015-07-08,103.1794,833130
2015-07-09,101.4852,1386182
2015-07-10,102.5943,994423
2015-07-13,104.6848,1049961
2015-07-14,104.8107,777927
2015-07-15,104.8945,1127281
2015-07-16,104.1686,1195508
2015-07-17,104.0411,1083941
2015-07-20,103.0927,598565
2015-07-21,102.9596,903832
2015-07-22,104.0062,1263168
2015-07-23,104.7069,1381291
2015-07-24,107.1050,2030930
2015-07-27,107.5200,970943
2015-07-28,108.1973,526881
2015-07-29,106.0913,429156
2015-07-30,103.9875,841406
2015-07-31,104.2590,424861
2015-08-03,103.1448,1497270
2015-08-04,103.7865,794041
2015-08-05,103.6008,646186
2015-08-06,105.4374,602680
2015-08-07,107.6668,872811
2015-08-10,109.5599,1537201
2015-08-11,107.6765,1170427
2015-08-12,107.0593,914040
2015-08-13,106.1293,746430
2015-08-14,105.8482,951030
2015-08-17,104.7292,801699
2015-08-18,102.7658,1820913
2015-08-19,103.3037,1290520
2015-08-20,103.8579,1199097
2015-08-21,103.3884,984048
2015-08-24,103.8496,1167311
2015-08-25,101.6852,1266399
2015-08-26,100.3321,679789
2015-08-27,101.2818,1516859
2015-08-28,102.4168,881114
2015-08-31,102.5231,894093
2015-09-01,100.2056,1096488
2015-09-02,100.2612,1177807
2015-09-03,99.4158,582946
2015-09-04,99.1467,615915
2015-09-07,100.2177,679293
2015-09-08,101.7931,1295690
2015-09-09,101.0553,1419880
2015-09-10,101.8906,1626849
2015-09-11,101.6345,1404446
2015-09-14,102.1548,1314463
2015-09-15,103.1699,1548662
2015-09-16,105.7626,1048704
2015-09-17,105.1600,833930
2015-09-18,105.3801,624992
2015-09-21,104.8286,973810
2015-09-22,106.8885,1082330
2015-09-23,106.5774,752695
2015-09-24,106.9361,900026
2015-09-25,107.0042,1179420
2015-09-28,105.3060,1953647
2015-09-29,106.1442,992722
2015-09-30,106.2304,836082
2015-10-01,106.5659,1443252
2015-10-02,108.0417,889800
2015-10-05,108.5620,1067530
2015-10-06,108.8986,793420
2015-10-07,109.3231,1534393
2015-10-08,111.3818,807148
2015-10-09,112.5673,767311
2015-10-12,112.3044,891982
2015-10-13,111.5424,864218
2015-10-14,111.5017,1311641
2015-10-15,111.6224,1209267
2015-10-16,109.8191,1305986
2015-10-19,110.6730,1453333
2015-10-20,110.2947,442268
2015-10-21,108.0187,1034291
2015-10-22,109.3396,1185789
2015-10-23,108.1618,394166
2015-10-26,106.4639,839421
2015-10-27,107.1830,1344302
2015-10-28,106.3469,1353661
2015-10-29,108.2760,747498
2015-10-30,108.1174,726022
2015-11-02,107.9471,726893
2015-11-03,107.7661,1147892
2015-11-04,105.7214,498500
2015-11-05,103.0510,1069312
2015-11-06,102.0807,811700
2015-11-09,101.9252,975428
2015-11-10,101.2303,1817499
2015-11-11,103.7343,730218
2015-11-12,101.7502,884168
2015-11-13,102.9889,532195
2015-11-16,102.8306,1188937
2015-11-17,102.1004,1238137
2015-11-18,104.5951,773171
2015-11-19,106.9323,686384
2015-11-20,107.4564,601315
2015-11-23,105.8298,509171
2015-11-24,105.1101,1683875
2015-11-25,103.1468,1431233
2015-11-26,103.7448,848235
2015-11-27,105.1491,903481
2015-11-30,105.4177,540110
2015-12-01,102.7868,810154
2015-12-02,102.0566,618386
2015-12-03,103.8737,545785
2015-12-04,105.3044,1460853
2015-12-07,104.6928,900230
2015-12-08,105.5334,1216863
2015-12-09,104.1423,1568686
2015-12-10,102.6678,1043129
2015-12-11,104.0295,1312658
2015-12-14,102.5722,1605260
2015-12-15,102.1616,703261
2015-12-16,101.8071,552263
2015-12-17,102.1487,802508
2015-12-18,102.1534,1001360
2015-12-21,102.0763,1033996
2015-12-22,101.4976,1299871
2015-12-23,102.7481,340811
2015-12-24,101.2047,997958
2015-12-25,100.0864,622260
2015-12-28,100.7122,813674
2015-12-29,100.8147,833163
2015-12-30,100.2242,658823
2015-12-31,97.4300,1103432
2016-01-01,96.6211,675774
2016-01-04,95.6654,1000538
2016-01-05,95.0465,1283576
2016-01-06,95.6870,1084945
2016-01-07,95.2955,871350
2016-01-08,96.1529,776841
2016-01-11,94.4293,2107875
2016-01-12,96.2434,608265
2016-01-13,95.2947,1047950
2016-01-14,96.2302,820606
2016-01-15,98.4463,444237
2016-01-18,97.9250,821431
2016-01-19,98.2802,1153809
2016-01-20,97.3652,944647
2016-01-21,95.2831,1026318
2016-01-22,95.1838,1227665
2016-01-25,95.4705,1099494
2016-01-26,95.4686,608096
2016-01-27,94.6710,449458
2016-01-28,95.5073,1368888
2016-01-29,95.7895,1031469
2016-02-01,96.7984,1284670
2016-02-02,94.5106,935557
2016-02-03,92.4617,905643
2016-02-04,92.6541,1572677
2016-02-05,94.9166,1094540
2016-02-08,94.6315,1101218
2016-02-09,95.9333,741205
2016-02-10,94.1322,820945
2016-02-11,92.2233,1290446
2016-02-12,92.5185,795460
2016-02-15,92.1431,857322
2016-02-16,91.4549,777876
2016-02-17,89.7043,1038784
2016-02-18,90.3215,1434464
2016-02-19,91.4440,631976
2016-02-22,91.1867,909086
2016-02-23,91.8405,2461451
2016-02-24,93.3940,657910
2016-02-25,91.9975,254602
2016-02-26,92.9721,918237
2016-02-29,93.1582,1167506
2016-03-01,94.0116,677081
2016-03-02,93.6831,877537
2016-03-03,93.3932,1247253
2016-03-04,94.6202,822010
2016-03-07,96.3745,873550
2016-03-08,97.3999,1599588
2016-03-09,96.1759,1718091
2016-03-10,93.1332,1380691
2016-03-11,95.5220,1089947
2016-03-14,94.2939,514644
2016-03-15,92.8811,676564
2016-03-16,91.8843,1402861
2016-03-17,89.5682,1115720
2016-03-18,87.9973,816064
2016-03-21,88.2493,599954
2016-03-22,89.1226,780785
2016-03-23,86.4516,767727
2016-03-24,86.2577,1276114
2016-03-25,86.7890,651097
2016-03-28,86.7669,1057110
2016-03-29,87.1210,951331
2016-03-30,87.1734,620460
2016-03-31,86.7520,719081
2016-04-01,83.4983,710246
2016-04-04,82.0042,1833026
2016-04-05,82.5390,1056603
2016-04-06,82.8610,456331
2016-04-07,80.5536,1329262
2016-04-08,81.0031,775472
2016-04-11,80.0949,989607
2016-04-12,79.7720,807036
2016-04-13,79.5021,775860
2016-04-14,79.1338,2049325
2016-04-15,76.9197,956018
2016-04-18,76.3493,797993
2016-04-19,75.2500,710145
2016-04-20,74.9192,1034011
2016-04-21,74.2861,975554
2016-04-22,72.6122,422789
2016-04-25,72.4617,998383
2016-04-26,72.8762,850288
2016-04-27,72.2001,724065
2016-04-28,72.5956,1969361
2016-04-29,72.9350,976714
2016-05-02,74.3009,660626
2016-05-03,75.1286,1127130
2016-05-04,73.1892,1514148
2016-05-05,73.5334,1161645
2016-05-06,72.9429,1111998
2016-05-09,72.3507,640928
2016-05-10,74.2693,1353826
2016-05-11,74.5637,802169
2016-05-12,75.6150,1139070
2016-05-13,76.6258,632635
2016-05-16,78.2918,1286412
2016-05-17,78.1908,1782667
2016-05-18,76.5836,1013939
2016-05-19,77.6916,1381951
2016-05-20,78.9020,787257
2016-05-23,78.1276,501456
2016-05-24,78.8222,993708
2016-05-25,79.9952,767712
2016-05-26,79.4198,973294
2016-05-27,78.7653,1127391
2016-05-30,80.3847,713434
2016-05-31,80.6191,665573
2016-06-01,81.3919,929291
2016-06-02,83.9906,1715193
2016-06-03,83.3983,706547
2016-06-06,83.9087,842933
2016-06-07,83.2204,846818
2016-06-08,85.9281,1119072
2016-06-09,84.6623,1293206
2016-06-10,84.4732,915940
2016-06-13,85.3239,837685
2016-06-14,84.6546,807407
2016-06-15,85.5807,1311083
2016-06-16,85.6803,1304615
2016-06-17,85.1287,1118577
2016-06-20,84.7402,769491
2016-06-21,82.3108,949644
2016-06-22,81.6472,780140
2016-06-23,81.6344,631039
2016-06-24,81.7305,1140734
2016-06-27,80.8095,670318
2016-06-28,78.2878,1188531
2016-06-29,77.8939,1483166
2016-06-30,78.8195,424965
2016-07-01,78.3362,1021737
2016-07-04,77.0914,883673
2016-07-05,76.6022,977246
2016-07-06,77.1948,806849
2016-07-07,78.4558,1015509
2016-07-08,79.2507,1868668
2016-07-11,77.1912,883237
2016-07-12,77.2564,1043634
2016-07-13,77.9231,790788
2016-07-14,77.7480,812755
2016-07-15,77.1182,769404
2016-07-18,79.2737,659854
2016-07-19,77.9120,961871
2016-07-20,77.0417,1650324
2016-07-21,76.6354,1585301
2016-07-22,75.1273,989098
2016-07-25,74.7880,1660716
2016-07-26,75.9137,1617548
2016-07-27,76.0541,1038410
2016-07-28,76.1726,901527
2016-07-29,75.7680,1038191
2016-08-01,76.6453,583833
2016-08-02,77.1304,1049968
2016-08-03,77.9734,1009067
2016-08-04,78.6806,737205
2016-08-05,78.9501,833300
2016-08-08,81.1288,823766
2016-08-09,82.0445,1786263
2016-08-10,83.4624,702416
2016-08-11,82.8429,1141388
2016-08-12,82.1222,1385895
2016-08-15,81.7305,1078706
2016-08-16,81.5422,999674
2016-08-17,82.4163,2111760
2016-08-18,83.4428,727054
2016-08-19,82.3189,793812
2016-08-22,81.1160,427473
2016-08-23,82.9135,448267
2016-08-24,82.5136,780933
2016-08-25,82.0647,504013
2016-08-26,83.5901,1416328
2016-08-29,82.9250,1247374
2016-08-30,82.8314,1623836
2016-08-31,84.2932,693866
2016-09-01,84.3307,816678
2016-09-02,83.8140,886488
2016-09-05,83.5438,1085214
2016-09-06,81.9272,810294
2016-09-07,81.2235,1037426
2016-09-08,80.3708,1360519
2016-09-09,80.5701,1251301
2016-09-12,80.2756,904197
2016-09-13,79.6989,2047355
2016-09-14,79.4734,1267190
2016-09-15,78.8992,725626
2016-09-16,78.5786,978708
2016-09-19,77.4237,456692
2016-09-20,77.2692,1585388
2016-09-21,77.9362,1032591
2016-09-22,79.8294,1482218
2016-09-23,78.9728,1141911
2016-09-26,79.0261,1173130
2016-09-27,79.4611,1458665
2016-09-28,80.7839,1989467
2016-09-29,81.5471,650414
2016-09-30,82.6428,803210
2016-10-03,83.4344,827778
2016-10-04,85.0975,1897450
2016-10-05,86.8511,1050623
2016-10-06,88.3085,680781
2016-10-07,89.4153,1595990
2016-10-10,90.3110,782094
2016-10-11,90.5965,1719970
2016-10-12,92.2879,726607
2016-10-13,93.5213,1134603
2016-10-14,91.3541,1089785
2016-10-17,91.2417,1247854
2016-10-18,91.9039,1189989
2016-10-19,90.1460,1373611
2016-10-20,90.7902,831949
2016-10-21,90.7318,1060672
2016-10-24,90.8714,1101956
2016-10-25,90.1108,991631
2016-10-26,89.2248,994036
2016-10-27,88.9179,710609
2016-10-28,89.4232,635582
2016-10-31,88.8950,684780
2016-11-01,87.4519,1616267
2016-11-02,87.7479,829028
2016-11-03,87.1412,1420909
2016-11-04,88.2039,997050
2016-11-07,88.4558,1248375
2016-11-08,89.2528,742849
2016-11-09,89.7836,1339798
2016-11-10,91.6840,1190671
2016-11-11,91.1263,1160047
2016-11-14,90.3105,556350
2016-11-15,88.2402,965990
2016-11-16,86.1421,908044
2016-11-17,86.8390,712420
2016-11-18,87.2698,2056350
2016-11-21,86.8802,1056701
2016-11-22,87.1954,913192
2016-11-23,85.4858,1175718
2016-11-24,86.4883,666565
2016-11-25,85.9145,696161
2016-11-28,87.6714,1670462
2016-11-29,85.9030,1058673
2016-11-30,85.6901,1346349
2016-12-01,86.6458,2087029
2016-12-02,85.1073,959067
2016-12-05,84.0014,1260177
2016-12-06,82.6731,1548269
2016-12-07,83.3498,1005884
2016-12-08,83.2936,1045496
2016-12-09,81.4827,1267452
2016-12-12,80.9890,1512843
2016-12-13,81.2564,1450126
2016-12-14,80.6266,1168760
2016-12-15,81.0554,1028635
2016-12-16,79.7729,1259232
2016-12-19,80.1857,1256669
2016-12-20,81.4766,673642
2016-12-21,80.8888,1327589
2016-12-22,81.4540,995156
2016-12-23,82.0001,912449
2016-12-26,81.5252,969904
2016-12-27,81.2602,938893
2016-12-28,82.4224,857764
2016-12-29,82.6284,704802
2016-12-30,81.7387,1016926
2017-01-02,81.4645,963959
2017-01-03,80.9342,1909222
2017-01-04,79.1874,559603
2017-01-05,78.3192,1178880
2017-01-06,78.7994,1696541
2017-01-09,79.3241,858377
2017-01-10,78.5790,1845921
2017-01-11,77.9138,1028322
2017-01-12,79.9588,494259
2017-01-13,79.1397,958512
2017-01-16,76.8550,963115
2017-01-17,76.6943,732117
2017-01-18,76.7487,1738990
2017-01-19,77.6376,1006430
2017-01-20,78.9495,894889
2017-01-23,76.0338,1132957
2017-01-24,76.1291,351703
2017-01-25,74.1434,522543
2017-01-26,73.8219,601496
2017-01-27,73.5196,770243
2017-01-30,75.6826,1080997
2017-01-31,74.5519,1220275
2017-02-01,73.4318,958622
2017-02-02,72.9349,1134227
2017-02-03,73.6620,1353356
2017-02-06,74.1118,1309047
2017-02-07,73.9245,703516
2017-02-08,74.2613,630949
2017-02-09,75.0395,626544
2017-02-10,75.9681,786302
2017-02-13,76.4133,824808
2017-02-14,75.3492,785744
2017-02-15,74.7553,616367
2017-02-16,76.7534,955245
2017-02-17,77.1626,744671
2017-02-20,77.4199,1126159
2017-02-21,76.9261,827296
2017-02-22,77.2233,1616782
2017-02-23,77.4035,1399395
2017-02-24,78.3636,1133359
2017-02-27,78.5018,1135459
2017-02-28,78.1058,695678
2017-03-01,78.2699,907722
2017-03-02,79.2284,421575
2017-03-03,79.3798,1129908
2017-03-06,78.7176,1444112
2017-03-07,78.3382,738805
2017-03-08,79.0946,720036
2017-03-09,78.1806,750333
2017-03-10,76.2781,636828
2017-03-13,76.6137,2004479
2017-03-14,75.7089,710886
2017-03-15,75.1495,564849
2017-03-16,75.6909,1112673
2017-03-17,74.6583,868784
2017-03-20,75.0968,1448885
2017-03-21,75.6988,1526683
2017-03-22,75.7433,1306083
2017-03-23,73.7529,1056033
2017-03-24,72.2198,1200248
2017-03-27,70.7340,960904
2017-03-28,71.6705,463733
2017-03-29,71.9183,1445292
2017-03-30,72.3486,1701966
2017-03-31,71.5245,1750973
2017-04-03,72.1232,2001790
2017-04-04,72.7604,793298
2017-04-05,72.1944,1254751
2017-04-06,71.6504,437120
2017-04-07,71.5430,1772477
2017-04-10,71.6700,1077782
2017-04-11,71.4274,1115287
2017-04-12,71.9908,1234933
2017-04-13,71.8889,898490
2017-04-14,72.5002,500778
2017-04-17,73.5069,1046907
2017-04-18,72.9601,1502635
2017-04-19,73.4888,726998
2017-04-20,73.9088,1149132
2017-04-21,74.2274,1919580
2017-04-24,74.6133,1102541
2017-04-25,74.4975,534287
2017-04-26,74.3313,1030528
2017-04-27,73.7623,884450
2017-04-28,74.2219,772881
2017-05-01,74.7159,892307
2017-05-02,74.1917,1475837
2017-05-03,74.9924,1473460
2017-05-04,75.0180,489715
2017-05-05,76.7789,829106
2017-05-08,76.6384,732615
2017-05-09,78.8033,849050
2017-05-10,81.2400,829844
2017-05-11,82.1963,860236
2017-05-12,82.9789,1115707
2017-05-15,81.8170,1136315
2017-05-16,82.1210,766315
2017-05-17,81.2337,765211
2017-05-18,82.1737,444181
2017-05-19,80.9838,952193
2017-05-22,80.2926,1043447
2017-05-23,82.1666,1553300
2017-05-24,82.8262,944400
2017-05-25,82.7343,1434455
2017-05-26,82.0379,700102
2017-05-29,81.2290,798805
2017-05-30,82.5543,627659
2017-05-31,82.2514,915041
2017-06-01,80.3941,1594070
2017-06-02,79.5211,898571
2017-06-05,78.8631,1284872
2017-06-06,78.5025,538456
2017-06-07,78.9459,721316
2017-06-08,77.8136,1127968
2017-06-09,76.3050,625133
2017-06-12,75.4002,887710
2017-06-13,76.4424,1051820
2017-06-14,75.8966,1233392
2017-06-15,77.3788,1017350
2017-06-16,77.6887,733367
2017-06-19,79.1031,1885180
2017-06-20,79.1508,779300
2017-06-21,80.8777,780744
2017-06-22,80.6697,695284
2017-06-23,79.4089,948249
2017-06-26,78.0655,583920
2017-06-27,79.3888,718131
2017-06-28,80.2282,670972
2017-06-29,79.8135,807843
2017-06-30,80.7853,1208210
2017-07-03,81.4863,787983
2017-07-04,80.0977,886694
2017-07-05,79.8999,968573
2017-07-06,80.1954,627470
2017-07-07,81.8384,500525
2017-07-10,81.8399,1129391
2017-07-11,82.0797,1080661
2017-07-12,80.0324,1192232
2017-07-13,79.6956,1144697
2017-07-14,79.1658,695924
2017-07-17,78.9315,884031
2017-07-18,78.1947,595673
2017-07-19,79.3997,1451253
2017-07-20,81.4780,967736
2017-07-21,80.0919,793795
2017-07-24,79.6784,943572
2017-07-25,79.9674,1208577
2017-07-26,80.2256,643692
2017-07-27,81.1710,1360900
2017-07-28,81.9733,1668305
2017-07-31,83.1799,940431
2017-08-01,83.2448,592269
2017-08-02,84.6135,484912
2017-08-03,84.3869,937031
2017-08-04,84.9396,610546
2017-08-07,85.5159,1079837
2017-08-08,86.4629,454773
2017-08-09,85.7773,1045236
2017-08-10,83.7122,662456
2017-08-11,84.1526,447506
2017-08-14,82.8549,1370566
2017-08-15,81.6111,1559747
2017-08-16,80.9870,1072649
2017-08-17,81.0129,782396
2017-08-18,79.5932,514048
2017-08-21,80.8363,1336222
2017-08-22,80.9135,667207
2017-08-23,81.3104,492373
2017-08-24,81.5243,540832
2017-08-25,79.7157,1193710
2017-08-28,80.1245,1297256
2017-08-29,81.4246,1269871
2017-08-30,81.3017,660903
2017-08-31,80.6591,1272764
2017-09-01,80.7040,774588
2017-09-04,79.3485,749308
2017-09-05,79.8732,1658343
2017-09-06,79.2916,764243
2017-09-07,79.5936,969507
2017-09-08,78.4183,1188108
2017-09-11,78.5470,676503
2017-09-12,76.2106,672257
2017-09-13,77.5770,855099
2017-09-14,78.9910,1220131
2017-09-15,79.2639,694907
2017-09-18,81.0661,719795
2017-09-19,79.3502,605995
2017-09-20,81.0824,1195021
2017-09-21,82.2517,619496
2017-09-22,83.2090,628589
2017-09-25,83.3697,1164739
2017-09-26,81.7841,732157
2017-09-27,78.7998,1907642
2017-09-28,78.1582,1024747
2017-09-29,79.2932,1444682
2017-10-02,79.9357,990316
2017-10-03,80.6519,686741
2017-10-04,78.9941,1195559
2017-10-05,79.9860,1181399
2017-10-06,80.1144,1450749
2017-10-09,79.9128,428461
2017-10-10,81.2833,564598
2017-10-11,81.6596,702494
2017-10-12,82.5581,670829
2017-10-13,82.9653,1157144
2017-10-16,82.6558,993643
2017-10-17,84.0102,798443
2017-10-18,83.9835,774727
2017-10-19,82.5046,827132
2017-10-20,84.0211,894463
2017-10-23,83.6061,1572512
2017-10-24,82.2460,1083823
2017-10-25,82.6155,1221845
2017-10-26,84.3749,838475
2017-10-27,84.0012,1171871
2017-10-30,83.7174,980449
2017-10-31,84.2543,959015
2017-11-01,84.9993,1547261
2017-11-02,85.5939,769897
2017-11-03,85.1186,766671
2017-11-06,86.4994,604130
2017-11-07,87.8732,889384
2017-11-08,87.5103,757172
2017-11-09,87.7011,867843
2017-11-10,87.8646,1470416
2017-11-13,87.7929,917280
2017-11-14,89.8997,1163689
2017-11-15,91.6270,939155
2017-11-16,92.3641,603933
2017-11-17,91.3084,1085993
2017-11-20,92.0511,436816
2017-11-21,91.3976,829733
2017-11-22,90.2878,1373905
2017-11-23,88.6603,916872
2017-11-24,90.4688,1291548
2017-11-27,89.6140,1003334
2017-11-28,90.9833,879740
2017-11-29,89.2167,451981
2017-11-30,91.0711,633662
2017-12-01,91.8717,901370
2017-12-04,92.6387,1217147
2017-12-05,93.3849,666989
2017-12-06,93.4179,822449
2017-12-07,94.8564,542681
2017-12-08,96.7226,2813138
2017-12-11,96.9245,1185325
2017-12-12,95.2653,1581707
2017-12-13,94.8178,1277122
2017-12-14,94.9371,915164
2017-12-15,93.4949,1314573
2017-12-18,95.5748,911595
2017-12-19,97.0535,1374913
2017-12-20,97.7372,608516
2017-12-21,97.6370,719756
2017-12-22,96.2399,1142711
2017-12-25,96.5313,765148
2017-12-26,95.3575,863465
2017-12-27,96.5137,825659
2017-12-28,95.7318,1645825
2017-12-29,95.4481,1804764
2018-01-01,95.9693,1282439
2018-01-02,95.4063,738645
2018-01-03,94.4848,607052
2018-01-04,93.8324,1000909
2018-01-05,96.5850,941442
2018-01-08,98.7217,906305
2018-01-09,100.3841,1143086
2018-01-10,101.4117,1360588
2018-01-11,101.6515,1145909
2018-01-12,101.5155,1245495
2018-01-15,101.0089,733284
2018-01-16,102.6026,896294
2018-01-17,102.2859,651110
2018-01-18,102.6745,588256
2018-01-19,101.6629,492215
2018-01-22,103.2120,536203
2018-01-23,102.6261,918705
2018-01-24,101.9584,737185
2018-01-25,101.4975,632581
2018-01-26,102.5597,661641
2018-01-29,103.8440,717751
2018-01-30,105.4258,1059979
2018-01-31,104.4715,1108510
2018-02-01,106.6662,1486078
2018-02-02,108.0137,620563
2018-02-05,105.9663,612853
2018-02-06,105.1007,709373
2018-02-07,104.8970,1100546
2018-02-08,107.9740,868827
2018-02-09,105.8294,1140644
2018-02-12,104.6382,982277
2018-02-13,104.5107,878316
2018-02-14,105.0531,544724
2018-02-15,105.8538,883296
2018-02-16,105.0380,754236
2018-02-19,104.1226,1093225
2018-02-20,100.3881,1041547
2018-02-21,99.1744,1340040
2018-02-22,98.2873,725640
2018-02-23,100.3260,1220041
2018-02-26,98.9844,759897
2018-02-27,95.4734,813785
2018-02-28,95.9782,893025
2018-03-01,95.2194,1141289
2018-03-02,96.5244,996892
2018-03-05,98.8677,1155585
2018-03-06,101.3124,452884
2018-03-07,100.2221,898946
2018-03-08,102.2564,1126409
2018-03-09,105.0301,478015
2018-03-12,102.8981,1293316
2018-03-13,103.0748,564953
2018-03-14,102.7707,959673
2018-03-15,102.7638,921208
2018-03-16,103.2325,597865
2018-03-19,104.2732,1470804
2018-03-20,102.7818,1103640
2018-03-21,101.0720,1094194
2018-03-22,101.6950,652271
2018-03-23,100.4860,1101738
2018-03-26,101.7141,1590250
2018-03-27,101.1337,1483112
2018-03-28,99.7217,1129020
2018-03-29,97.8427,1110446
2018-03-30,98.5350,520816
2018-04-02,100.1621,829549
2018-04-03,101.1476,507187
2018-04-04,99.5106,1013807
2018-04-05,99.8602,1139948
2018-04-06,99.1287,662904
2018-04-09,97.1590,581041
2018-04-10,96.9491,1138760
2018-04-11,95.4397,891422
2018-04-12,94.0640,905309
2018-04-13,93.9657,742110
2018-04-16,91.4216,764314
2018-04-17,89.8469,856095
2018-04-18,88.3763,565096
2018-04-19,87.9361,761921
2018-04-20,87.2508,432503
2018-04-23,88.2897,579576
2018-04-24,89.6223,953193
2018-04-25,91.0536,639355
2018-04-26,91.5169,1084078
2018-04-27,92.0396,1280553
2018-04-30,92.5488,902918
2018-05-01,92.3976,844726
2018-05-02,92.3242,1086626
2018-05-03,92.6988,1496589
2018-05-04,94.5208,611468
2018-05-07,94.4438,1126935
2018-05-08,93.9963,1225780
2018-05-09,93.4202,917515
2018-05-10,94.4318,726659
2018-05-11,93.2174,826130
2018-05-14,94.5874,514460
2018-05-15,95.6040,1150502
2018-05-16,94.1792,681769
2018-05-17,92.3913,953052
2018-05-18,90.8061,1102128
2018-05-21,92.3293,643273
2018-05-22,91.0946,1434133
2018-05-23,90.3140,915027
2018-05-24,91.5477,986573
2018-05-25,92.4655,803084
2018-05-28,93.0907,1100693
2018-05-29,93.4537,1072426
2018-05-30,93.8573,1023613
2018-05-31,93.3969,1218682
2018-06-01,93.7045,857450
2018-06-04,90.5482,670969
2018-06-05,90.9255,2310102
2018-06-06,93.1913,1849144
2018-06-07,91.7360,773569
2018-06-08,89.3583,837190
2018-06-11,89.9756,570837
2018-06-12,90.6089,1183175
2018-06-13,88.9823,911127
2018-06-14,89.5183,1199869
2018-06-15,90.1478,1824705
2018-06-18,89.3029,1088854
2018-06-19,90.0272,826656
2018-06-20,90.2556,682092
2018-06-21,91.6214,1352318
2018-06-22,91.3123,1046206
2018-06-25,89.7859,544802
2018-06-26,89.7433,952755
2018-06-27,88.4468,1803596
2018-06-28,88.9222,2213813
2018-06-29,89.3423,956439
2018-07-02,89.6577,952670
2018-07-03,90.4335,771873
2018-07-04,90.3636,928568
2018-07-05,89.0223,375951
2018-07-06,88.9135,948908
2018-07-09,90.2343,1148995
2018-07-10,91.1604,908882
2018-07-11,89.9121,1422373
2018-07-12,89.7754,960857
2018-07-13,89.6570,1557738
2018-07-16,90.9782,1121432
2018-07-17,90.0193,406605
2018-07-18,88.3114,746308
2018-07-19,87.9679,1378890
2018-07-20,88.1275,504487
2018-07-23,87.1511,1280825
2018-07-24,89.7925,1120028
2018-07-25,90.3775,916388
2018-07-26,91.2791,2041780
2018-07-27,90.8411,715334
2018-07-30,90.4516,1866957
2018-07-31,90.2307,1376508
2018-08-01,91.1591,813628
2018-08-02,91.0512,983949
2018-08-03,90.9905,1197756
2018-08-06,92.0165,619136
2018-08-07,90.7002,896097
2018-08-08,91.7574,830130
2018-08-09,90.7339,731498
2018-08-10,91.7626,1687064
2018-08-13,92.4605,704881
2018-08-14,92.9398,1462644
2018-08-15,92.9437,1308416
2018-08-16,92.5570,965320
2018-08-17,89.8733,1170904
2018-08-20,89.3999,1810987
2018-08-21,87.4135,1337842
2018-08-22,89.1453,979208
2018-08-23,90.4317,891393
2018-08-24,89.3578,991324
2018-08-27,90.0328,961293
2018-08-28,89.4803,1444897
2018-08-29,87.9559,651026
2018-08-30,87.3624,1044798
2018-08-31,86.6142,816858
2018-09-03,84.6869,1633421
2018-09-04,84.5886,961288
2018-09-05,84.7925,1148259
2018-09-06,85.5809,759388
2018-09-07,84.8275,1064497
2018-09-10,86.6515,1034289
2018-09-11,87.7941,395690
2018-09-12,88.5191,1297966
2018-09-13,87.6502,1177387
2018-09-14,88.2708,848530
2018-09-17,87.6380,680656
2018-09-18,88.4403,944255
2018-09-19,90.6076,1259258
2018-09-20,90.6582,1699353
2018-09-21,90.7458,848757
2018-09-24,88.1154,1192969
2018-09-25,88.9128,1512829
2018-09-26,90.1348,911820
2018-09-27,90.5736,951331
2018-09-28,89.5986,872527
2018-10-01,87.9608,810050
2018-10-02,87.2090,1105838
2018-10-03,85.4002,2397342
2018-10-04,87.0236,422840
2018-10-05,89.2933,1020453
2018-10-08,87.7638,1953250
2018-10-09,88.4587,1457691
2018-10-10,87.2055,1760529
2018-10-11,86.2415,1553860
2018-10-12,87.7636,787246
2018-10-15,86.7664,946655
2018-10-16,85.3552,1612350
2018-10-17,85.6906,445663
2018-10-18,88.7648,722774
2018-10-19,89.7163,1096893
2018-10-22,89.2310,1101769
2018-10-23,88.5626,1226374
2018-10-24,85.8185,363839
2018-10-25,85.3446,1175598
2018-10-26,85.1001,733633
2018-10-29,85.1251,1043176
2018-10-30,86.2133,849616
2018-10-31,88.4308,1727549
2018-11-01,88.7052,824039
2018-11-02,87.3645,837154
2018-11-05,87.5309,866306
2018-11-06,86.3496,743112
2018-11-07,84.0015,871086
2018-11-08,84.9579,508786
2018-11-09,84.5503,922831
2018-11-12,85.9401,654816
2018-11-13,86.0288,1101744
2018-11-14,88.6202,1028069
2018-11-15,89.8072,741877
2018-11-16,88.7077,1197725
2018-11-19,89.6668,784479
2018-11-20,90.3233,1765488
2018-11-21,88.1712,2121439
2018-11-22,87.6619,913891
2018-11-23,89.2334,579544
2018-11-26,89.6396,1464178
2018-11-27,89.4058,582890
2018-11-28,88.8322,538902
2018-11-29,87.7337,541108
2018-11-30,87.5866,1518086
2018-12-03,88.2999,875939
2018-12-04,89.1069,1438901
2018-12-05,90.4335,1186849
2018-12-06,90.8590,1046671
2018-12-07,90.5331,1122026
2018-12-10,89.9557,594231
2018-12-11,90.1508,1066282
2018-12-12,90.5833,1747287
2018-12-13,89.6772,1303533
2018-12-14,90.3721,1108472
2018-12-17,90.7604,1434728
2018-12-18,91.6812,1473415
2018-12-19,93.5107,1275417
2018-12-20,93.1717,1598409
2018-12-21,93.2178,1361574
2018-12-24,93.8584,508036
2018-12-25,95.3563,1062233
2018-12-26,95.0351,1057860
2018-12-27,96.0012,953812
2018-12-28,96.7030,825687
2018-12-31,96.7280,1081575
2019-01-01,96.4727,669850
2019-01-02,95.8734,1032737
2019-01-03,95.2521,1367846
2019-01-04,93.6555,927731
2019-01-07,95.1874,765193
2019-01-08,95.6533,770536
2019-01-09,95.8680,986530
2019-01-10,95.5253,512824
2019-01-11,93.7563,792972
2019-01-14,93.8353,1515269
2019-01-15,92.5565,594923
2019-01-16,92.1668,1172182
2019-01-17,90.4997,929115
2019-01-18,91.5916,642276
2019-01-21,91.0576,748238
2019-01-22,91.1352,836703
2019-01-23,90.3446,840092
2019-01-24,89.3763,865131
2019-01-25,90.6398,1236755
2019-01-28,90.6699,657473
2019-01-29,90.5303,1063136
2019-01-30,92.1196,733151
2019-01-31,91.8236,942476
2019-02-01,92.1682,1080308
2019-02-04,91.1111,1412768
2019-02-05,91.8217,686859
2019-02-06,90.6737,820792
2019-02-07,90.7158,2121857
2019-02-08,91.2480,594513
2019-02-11,92.0573,1522719
2019-02-12,93.9972,1479416
2019-02-13,93.7797,1906691
2019-02-14,94.5928,907673
2019-02-15,96.0615,640688
2019-02-18,96.4497,921180
2019-02-19,96.6307,549678
2019-02-20,100.2193,862327
2019-02-21,101.3865,1383912
2019-02-22,100.2310,1069629
2019-02-25,102.4783,576089
2019-02-26,101.9420,679576
2019-02-27,102.9042,1857781
2019-02-28,103.7681,975481
2019-03-01,102.5054,1325743
2019-03-04,102.2167,706922
2019-03-05,102.7601,695598
2019-03-06,103.3079,1544047
2019-03-07,105.1154,969218
2019-03-08,101.5429,955866
2019-03-11,102.4166,952613
2019-03-12,102.0832,1888000
2019-03-13,101.0869,1479667
2019-03-14,100.9787,1891408
2019-03-15,100.1100,1161400
2019-03-18,99.8965,967699
2019-03-19,99.9635,675085
2019-03-20,99.0180,750152
2019-03-21,97.0576,777507
2019-03-22,96.3833,833361
2019-03-25,97.5236,1268573
2019-03-26,97.4455,817380
2019-03-27,95.7562,453478
2019-03-28,95.0033,984670
2019-03-29,95.5116,1488931
2019-04-01,97.0554,1312227
2019-04-02,97.9365,790552
2019-04-03,97.0700,1437968
2019-04-04,96.0314,763416
2019-04-05,96.2578,952468
2019-04-08,95.3379,870071
2019-04-09,94.7460,498651
2019-04-10,96.0002,1458315
2019-04-11,94.2359,674616
2019-04-12,94.9416,555433
2019-04-15,95.4116,1841329
2019-04-16,96.6413,806447
2019-04-17,96.5325,419155
2019-04-18,97.4361,1688427
2019-04-19,96.6142,899628
2019-04-22,98.7525,1263952
2019-04-23,97.5312,997974
2019-04-24,97.8836,1045921
2019-04-25,100.3308,1121040
2019-04-26,99.3716,709850
2019-04-29,99.3878,805921
2019-04-30,99.3988,710222
2019-05-01,97.5619,687894
2019-05-02,98.6132,1946776
2019-05-03,97.9904,1002994
2019-05-06,99.1884,640661
2019-05-07,98.7020,1358651
2019-05-08,96.5588,1256521
2019-05-09,97.1175,1005500
2019-05-10,97.6521,760782
2019-05-13,95.0362,908799
2019-05-14,96.8177,705043
2019-05-15,99.5311,941194
2019-05-16,99.9541,947120
2019-05-17,98.0919,1142346
2019-05-20,97.7452,827640
2019-05-21,97.6224,1068499
2019-05-22,96.3709,1471256
2019-05-23,96.1559,812375
2019-05-24,95.0479,1049038
2019-05-27,94.6934,796804
2019-05-28,95.6805,644156
2019-05-29,96.2520,803123
2019-05-30,97.1458,988455
2019-05-31,95.4221,1071352
2019-06-03,94.2392,1633602
2019-06-04,93.2896,806347
2019-06-05,92.4183,1029831
2019-06-06,94.7164,668553
2019-06-07,94.7877,1606271
2019-06-10,92.8341,1338698
2019-06-11,92.1028,637093
2019-06-12,93.3311,1245001
2019-06-13,90.7062,1137279
2019-06-14,90.9049,638753
2019-06-17,90.3440,589787
2019-06-18,90.3097,843946
2019-06-19,88.0912,718866
2019-06-20,88.3666,1430377
2019-06-21,89.1588,928482
2019-06-24,89.6267,1302852
2019-06-25,90.3760,1271637
2019-06-26,90.4855,687651
2019-06-27,90.8827,1178909
2019-06-28,88.8128,1266610
2019-07-01,90.7207,847897
2019-07-02,91.9068,597767
2019-07-03,90.5979,849525
2019-07-04,89.2588,2218255
2019-07-05,88.5110,809427
2019-07-08,87.2828,1190229
2019-07-09,86.6231,1324764
2019-07-10,85.9964,875785
2019-07-11,86.6321,439327
2019-07-12,85.8169,1851364
2019-07-15,88.0033,609897
2019-07-16,88.3685,769135
2019-07-17,87.6897,1664058
2019-07-18,86.4123,881761
2019-07-19,85.1660,1060907
2019-07-22,86.7329,1763298
2019-07-23,87.1456,907840
2019-07-24,86.8646,1418222
2019-07-25,85.7841,1350530
2019-07-26,88.4679,1013814
2019-07-29,86.7933,1162867
2019-07-30,87.2058,1115849
2019-07-31,89.0074,766223
2019-08-01,88.6551,1338434
2019-08-02,90.6420,721254
2019-08-05,90.7132,970689
2019-08-06,90.4277,869107
2019-08-07,89.2179,932572
2019-08-08,90.2010,1111360
2019-08-09,91.4584,956012
2019-08-12,92.6549,1081869
2019-08-13,94.1315,662503
2019-08-14,93.1217,1167227
2019-08-15,93.3955,979629
2019-08-16,95.5354,1262272
2019-08-19,97.1051,597782
2019-08-20,95.9141,1207559
2019-08-21,95.1796,1991432
2019-08-22,94.7989,637613
2019-08-23,94.7633,844564
2019-08-26,95.5178,774452
2019-08-27,96.3948,1862055
2019-08-28,97.0706,1356514
2019-08-29,98.3229,995196
2019-08-30,97.0128,814865
2019-09-02,96.5011,1145329
2019-09-03,98.9023,1274241
2019-09-04,96.9712,911887
2019-09-05,95.1801,1093075
2019-09-06,96.4419,591700
2019-09-09,98.7555,806370
2019-09-10,97.6628,1541659
2019-09-11,97.3996,931467
2019-09-12,97.1032,1542692
2019-09-13,97.7204,812491
2019-09-16,98.8039,563576
2019-09-17,98.1230,1492636
2019-09-18,96.5979,978381
2019-09-19,95.4921,1000809
2019-09-20,94.6881,1802949
2019-09-23,91.6881,1246532
2019-09-24,91.9930,1235554
2019-09-25,92.1077,659333
2019-09-26,93.2758,976316
2019-09-27,94.1525,758058
2019-09-30,93.5861,607382
2019-10-01,95.6397,688389
2019-10-02,95.9068,880277
2019-10-03,94.5165,810524
2019-10-04,92.9961,992418
2019-10-07,96.4435,1050100
2019-10-08,95.6216,681505
2019-10-09,94.7214,1007060
2019-10-10,94.8010,771547
2019-10-11,95.0788,682857
2019-10-14,94.9678,902930
2019-10-15,94.6768,816820
2019-10-16,95.1956,976114
2019-10-17,95.6036,605397
2019-10-18,95.7850,1242319
2019-10-21,95.0719,756643
2019-10-22,94.9456,1076831
2019-10-23,94.5058,863781
2019-10-24,94.1507,800589
2019-10-25,91.6975,992521
2019-10-28,91.2231,902346
2019-10-29,90.3276,687510
2019-10-30,90.3187,677379
2019-10-31,89.2220,704854
2019-11-01,88.3674,1641609
2019-11-04,87.9713,553052
2019-11-05,90.2240,665477
2019-11-06,91.3552,961908
2019-11-07,90.9557,697607
2019-11-08,91.8995,1201493
2019-11-11,91.8812,707613
2019-11-12,91.8589,632391
2019-11-13,90.5585,748306
2019-11-14,91.2357,851809
2019-11-15,92.8815,659649
2019-11-18,92.1279,1628659
2019-11-19,92.3840,891051
2019-11-20,92.3624,756296
2019-11-21,92.2311,1164943
2019-11-22,93.4340,784494
2019-11-25,91.2801,614313
2019-11-26,90.7342,397748
2019-11-27,90.4124,979512
2019-11-28,89.8796,1043670
2019-11-29,90.3288,948365
2019-12-02,89.6961,831312
2019-12-03,88.2615,829905
2019-12-04,88.5270,1061945
2019-12-05,88.0351,577554
2019-12-06,87.0943,786493
2019-12-09,85.9692,836984
2019-12-10,86.1271,890320
2019-12-11,86.3523,986260
2019-12-12,87.7138,1499486
2019-12-13,88.1272,1412342
2019-12-16,88.1110,445409
2019-12-17,89.1678,1014876
2019-12-18,89.1613,842618
2019-12-19,88.7506,786546
2019-12-20,88.6661,795209
2019-12-23,87.6611,596412
2019-12-24,88.0382,885419
2019-12-25,86.8709,957407
2019-12-26,87.3948,918294
2019-12-27,89.0338,1041749
2019-12-30,88.3821,673461
2019-12-31,89.2637,753008
2020-01-01,89.1828,1047850
2020-01-02,89.9563,1715679
2020-01-03,91.9855,854656
2020-01-06,90.1609,737516
2020-01-07,91.3110,991443
2020-01-08,93.5208,718743
2020-01-09,93.4541,943916
2020-01-10,93.6746,1337596
2020-01-13,94.4559,715242
2020-01-14,95.0911,726815
2020-01-15,93.9433,653898
2020-01-16,95.0552,913044
2020-01-17,92.4598,1032877
2020-01-20,92.8525,1118420
2020-01-21,92.8689,1046680
2020-01-22,91.4412,877036
2020-01-23,92.1448,813004
2020-01-24,90.3466,941874
2020-01-27,90.8016,1284269
2020-01-28,88.9151,856586
2020-01-29,88.2447,1061758
2020-01-30,88.2313,1099033
2020-01-31,89.0250,792730
2020-02-03,91.3625,669678
2020-02-04,91.6825,1020715
2020-02-05,90.0076,1147152
2020-02-06,91.0229,527492
2020-02-07,89.8771,885364
2020-02-10,87.6326,648487
2020-02-11,86.5233,1020419
2020-02-12,87.1277,938954
2020-02-13,87.2727,954677
2020-02-14,85.2821,705962
2020-02-17,86.4855,1345129
2020-02-18,84.8489,648423
2020-02-19,82.6246,728484
2020-02-20,82.8185,827468
2020-02-21,83.3780,690509
2020-02-24,83.9205,552281
2020-02-25,84.8923,1401606
2020-02-26,86.0803,939854
2020-02-27,87.8069,759887
2020-02-28,89.2177,1322473
2020-03-02,88.8013,712378
2020-03-03,88.4323,880794
2020-03-04,88.4301,1441581
2020-03-05,88.3267,745333
2020-03-06,90.4518,575323
2020-03-09,90.5887,1743320
2020-03-10,90.6813,1061438
2020-03-11,91.4737,755602
2020-03-12,91.3428,975723
2020-03-13,91.4397,1380505
2020-03-16,91.2613,887180
2020-03-17,92.8050,1666345
2020-03-18,93.5259,934469
2020-03-19,93.4444,548698
2020-03-20,93.1884,1009344
2020-03-23,92.8715,1166889
2020-03-24,93.8629,616919
2020-03-25,93.4859,919858
2020-03-26,93.4275,925728
2020-03-27,93.8798,1366794
2020-03-30,96.1447,1036770
2020-03-31,94.3701,884744
2020-04-01,92.4437,565824
2020-04-02,91.6084,752692
2020-04-03,90.9508,817941
2020-04-06,92.1322,749500
2020-04-07,92.6559,1107360
2020-04-08,93.9744,935126
2020-04-09,93.0385,554349
2020-04-10,93.2861,872409
2020-04-13,93.1768,893620
2020-04-14,92.7367,407537
2020-04-15,92.7028,513041
2020-04-16,92.6492,807302
2020-04-17,93.5297,842755
2020-04-20,92.9135,1154846
2020-04-21,93.2405,1359046
2020-04-22,94.4422,1036983
2020-04-23,94.0468,803886
2020-04-24,94.5830,725346
2020-04-27,94.6194,1141346
2020-04-28,95.3568,955151
2020-04-29,95.6930,830186
2020-04-30,94.7853,556566
2020-05-01,93.7094,1328395
2020-05-04,92.0214,985739
2020-05-05,92.3034,701652
2020-05-06,91.9067,1004785
2020-05-07,91.6946,694765
2020-05-08,92.8783,1016230
2020-05-11,92.8325,1669561
2020-05-12,93.2210,863254
2020-05-13,91.6375,737423
2020-05-14,91.5827,1040558
2020-05-15,93.0369,980688
2020-05-18,91.6200,1058172
2020-05-19,91.6908,847362
2020-05-20,89.4791,1021283
2020-05-21,89.0447,1302039
2020-05-22,88.5138,664401
2020-05-25,86.7540,760588
2020-05-26,86.1254,1055334
2020-05-27,86.4976,256859
2020-05-28,87.1376,1076979
2020-05-29,89.5210,680742
2020-06-01,88.5291,737265
2020-06-02,89.9337,889257
2020-06-03,89.0420,1228556
2020-06-04,88.5853,716276
2020-06-05,87.7252,897088
2020-06-08,87.7973,903950
2020-06-09,88.1795,1136504
2020-06-10,87.9478,1427947
2020-06-11,88.4865,787197
2020-06-12,88.7728,544530
2020-06-15,88.3345,1135250
2020-06-16,89.6587,1001500
2020-06-17,89.9639,703687
2020-06-18,87.9274,2054799
2020-06-19,88.1720,786455
2020-06-22,86.8617,696662
2020-06-23,86.7146,613298
2020-06-24,86.1934,1210320
2020-06-25,85.4666,899790
2020-06-26,85.2999,991134
2020-06-29,85.5579,1834590
2020-06-30,85.2364,1273162
2020-07-01,85.2859,871122
2020-07-02,85.4825,315331
2020-07-03,86.5569,927781
2020-07-06,84.3994,931247
2020-07-07,83.0111,774554
2020-07-08,83.3220,774772
2020-07-09,82.1784,724365
2020-07-10,83.1682,1300651
2020-07-13,83.0378,2628050
2020-07-14,82.6965,1290777
2020-07-15,83.5803,1428693
2020-07-16,83.9791,872307
2020-07-17,83.0289,1155413
2020-07-20,82.2364,1197402
2020-07-21,82.6193,1290218
2020-07-22,82.5163,646135
2020-07-23,82.1809,1153916
2020-07-24,82.5012,996109
2020-07-27,82.4866,986819
2020-07-28,81.5909,1093107
2020-07-29,81.9489,760489
2020-07-30,82.9874,718006
2020-07-31,84.5154,461813
2020-08-03,82.3606,675429
2020-08-04,83.4336,753768
2020-08-05,84.1672,924562
2020-08-06,85.1440,1368659
2020-08-07,83.6067,791774
2020-08-10,83.8958,569246
2020-08-11,83.0213,992169
2020-08-12,82.3131,902031
2020-08-13,82.6859,2195131
2020-08-14,82.5200,709810
2020-08-17,82.4517,983205
2020-08-18,84.6579,768668
2020-08-19,83.0759,1402580
2020-08-20,83.3138,810922
2020-08-21,84.3070,914411
2020-08-24,86.3402,1172277
2020-08-25,86.0122,1129207
2020-08-26,85.4829,962709
2020-08-27,84.2698,1038165
2020-08-28,86.5857,1445516
2020-08-31,83.3692,1599197
2020-09-01,83.3778,745597
2020-09-02,83.5987,1139131
2020-09-03,83.1948,593003
2020-09-04,83.5536,986466
2020-09-07,80.5271,566770
2020-09-08,81.2567,868170
2020-09-09,80.0474,868325
2020-09-10,80.7935,948280
2020-09-11,79.3255,775718
2020-09-14,78.2698,868419
2020-09-15,79.1777,1529655
2020-09-16,78.4823,573266
2020-09-17,76.8577,856648
2020-09-18,77.3477,1660048
2020-09-21,76.0638,1024117
2020-09-22,76.5159,772045
2020-09-23,77.3263,1096843
2020-09-24,76.5791,301958
2020-09-25,75.9092,683878
2020-09-28,75.6918,730039
2020-09-29,76.3115,692914
2020-09-30,77.6933,839094
2020-10-01,80.0466,585737
2020-10-02,80.3402,524150
2020-10-05,78.6778,1726741
2020-10-06,77.6548,1245379
2020-10-07,77.5444,773353
2020-10-08,75.4955,590754
2020-10-09,74.6538,531201
2020-10-12,73.8882,1033406
2020-10-13,74.0828,567438
2020-10-14,73.2591,915460
2020-10-15,73.9182,1055497
2020-10-16,74.0886,724889
2020-10-19,74.1458,876749
2020-10-20,74.4151,939619
2020-10-21,75.3777,615080
2020-10-22,75.9270,645526
2020-10-23,77.0950,1020044
2020-10-26,76.8565,576494
2020-10-27,76.8213,877318
2020-10-28,75.7242,671331
2020-10-29,76.3836,1099034
2020-10-30,78.0655,1085730
2020-11-02,80.0302,769235
2020-11-03,80.4736,912770
2020-11-04,81.9584,819271
2020-11-05,82.5527,1062530
2020-11-06,81.3188,677916
2020-11-09,81.9892,1588398
2020-11-10,81.3766,781073
2020-11-11,82.8945,761565
2020-11-12,83.5821,802830
2020-11-13,84.7253,923814
2020-11-16,85.4909,809218
2020-11-17,84.4186,1141258
2020-11-18,85.1557,771981
2020-11-19,85.0491,1651341
2020-11-20,84.9376,1143090
2020-11-23,84.5657,1565191
2020-11-24,83.0503,514931
2020-11-25,82.5699,922838
2020-11-26,82.8088,836399
2020-11-27,82.3303,1195560
2020-11-30,81.5581,474664
2020-12-01,82.0431,1047040
2020-12-02,81.1447,917130
2020-12-03,82.1787,878398
2020-12-04,82.6828,931762
2020-12-07,83.5624,1357824
2020-12-08,84.6968,1230468
2020-12-09,86.1455,629872
2020-12-10,86.3443,1377557
2020-12-11,84.9117,1111742
2020-12-14,83.1201,752185
2020-12-15,81.5176,634801
2020-12-16,82.4431,828679
2020-12-17,83.3049,906856
2020-12-18,84.2360,935664
2020-12-21,85.9109,894834
2020-12-22,87.8640,1210885
2020-12-23,87.0531,848461
2020-12-24,87.6026,725309
2020-12-25,87.3568,990615
2020-12-28,88.6193,1669501
2020-12-29,88.8178,1000060
2020-12-30,90.3956,1080460
2020-12-31,90.2828,674523
2021-01-01,91.0765,1290398
2021-01-04,91.3620,520704
2021-01-05,89.7709,2760633
2021-01-06,87.8874,674456
2021-01-07,87.6881,1401507
2021-01-08,87.3318,1253220
2021-01-11,88.9864,1039447
2021-01-12,90.8019,882378
2021-01-13,91.3739,1355910
2021-01-14,91.6176,792946
2021-01-15,92.6312,792739
2021-01-18,91.0519,1764333
2021-01-19,88.8885,803430
2021-01-20,89.4365,850268
2021-01-21,89.1491,999512
2021-01-22,89.6765,1010293
2021-01-25,89.9472,596397
2021-01-26,90.2872,1326547
2021-01-27,90.2308,1651342
2021-01-28,91.3212,838918
2021-01-29,93.9701,537191
2021-02-01,93.0070,897839
2021-02-02,93.2116,1176849
2021-02-03,94.1342,767096
2021-02-04,96.7566,981912
2021-02-05,96.3172,1128599
2021-02-08,97.0702,996887
2021-02-09,96.7395,2094126
2021-02-10,96.0837,1318669
2021-02-11,94.2562,824689
2021-02-12,93.6482,890288
2021-02-15,93.9066,1440926
2021-02-16,94.8380,539136
2021-02-17,94.3848,1260596
2021-02-18,92.8235,1444847
2021-02-19,91.6353,854236
2021-02-22,93.2302,992697
2021-02-23,94.7666,403629
2021-02-24,95.2332,992263
2021-02-25,92.6089,838670
2021-02-26,92.4817,400300
2021-03-01,92.4038,796689
2021-03-02,93.3224,943125
2021-03-03,94.0649,630861
2021-03-04,93.3007,764759
2021-03-05,93.1762,1108726
2021-03-08,91.2621,539915
2021-03-09,92.2074,863558
2021-03-10,92.3521,717636
2021-03-11,92.2340,1030723
2021-03-12,91.6435,681482
2021-03-15,91.0610,1108705
2021-03-16,90.3299,801615
2021-03-17,91.0206,1295091
2021-03-18,91.4848,681904
2021-03-19,91.9277,796867
2021-03-22,91.4398,1090028
2021-03-23,91.9137,1615839
2021-03-24,91.7869,1070763
2021-03-25,93.1555,1052168
2021-03-26,90.5569,728796
2021-03-29,91.1061,1013887
2021-03-30,91.2924,1387863
2021-03-31,90.6822,1290727
2021-04-01,91.6290,414226
2021-04-02,90.7846,768632
2021-04-05,89.9211,1448650
2021-04-06,88.9947,941560
2021-04-07,89.1525,1362670
2021-04-08,87.9163,1498887
2021-04-09,89.2363,956445
2021-04-12,87.2857,1124113
2021-04-13,86.7586,712072
2021-04-14,87.7371,1092584
2021-04-15,86.4288,917921
2021-04-16,87.7400,1570389
2021-04-19,87.7041,1034796
2021-04-20,87.7657,828421
2021-04-21,89.7066,842782
2021-04-22,92.2125,1066350
2021-04-23,92.9894,1453539
2021-04-26,91.8088,1187102
2021-04-27,91.4427,2003610
2021-04-28,92.2069,969712
2021-04-29,92.1027,1123003
2021-04-30,92.7722,1257090
2021-05-03,92.2760,801452
2021-05-04,93.8378,864669
2021-05-05,93.3763,905713
2021-05-06,94.4487,1306501
2021-05-07,93.6637,754546
2021-05-10,93.3302,814576
2021-05-11,92.2084,547410
2021-05-12,92.0656,635535
2021-05-13,93.0023,1187663
2021-05-14,91.8423,920109
2021-05-17,91.0198,997865
2021-05-18,93.1332,1119819
2021-05-19,94.5739,890467
2021-05-20,92.8728,796314
2021-05-21,92.8629,980709
2021-05-24,95.7435,1731923
2021-05-25,93.6983,895987
2021-05-26,93.4810,1043790
2021-05-27,94.1144,1446487
2021-05-28,95.0118,1086334
2021-05-31,94.8089,1383789
2021-06-01,94.0718,1107669
2021-06-02,92.4706,1492677
2021-06-03,89.3516,398564
2021-06-04,89.0354,548266
2021-06-07,88.4461,709877
2021-06-08,90.0005,1700760
2021-06-09,90.8158,579264
2021-06-10,90.5513,1464380
2021-06-11,89.6973,852945
2021-06-14,92.1430,674806
2021-06-15,93.9273,1664534
2021-06-16,92.7573,1376079
2021-06-17,94.6246,1475140
2021-06-18,96.6017,1372665
2021-06-21,96.2282,747038
2021-06-22,95.9487,1016572
2021-06-23,96.9066,1501257
2021-06-24,95.3379,1213602
2021-06-25,94.8376,2077386
2021-06-28,94.8055,665324
2021-06-29,93.9500,607121
2021-06-30,95.0582,1170973
2021-07-01,94.1954,798385
2021-07-02,95.4414,951828
2021-07-05,92.9872,954202
2021-07-06,94.7509,829829
2021-07-07,94.4388,1104151
2021-07-08,94.9441,2077398
2021-07-09,94.3235,789900
2021-07-12,93.4391,1046022
2021-07-13,93.0214,923386
2021-07-14,94.9969,1078729
2021-07-15,96.3095,360742
2021-07-16,96.3245,1180960
2021-07-19,94.4751,1119424
2021-07-20,94.4565,826449
2021-07-21,91.8723,602298
2021-07-22,91.9883,1083539
2021-07-23,91.0729,818593
2021-07-26,90.2105,562795
2021-07-27,89.5647,724183
2021-07-28,89.4431,1415114
2021-07-29,87.7058,1868268
2021-07-30,87.5713,1377162
2021-08-02,88.2073,1045022
2021-08-03,89.1093,681895
2021-08-04,91.0481,1116449
2021-08-05,91.8088,773315
2021-08-06,89.6919,1393813
2021-08-09,90.9145,793190
2021-08-10,90.4482,1493516
2021-08-11,89.9390,873639
2021-08-12,90.4634,1141648
2021-08-13,89.7351,1608100
2021-08-16,90.2925,1233170
2021-08-17,89.5307,746034
2021-08-18,89.6224,629612
2021-08-19,90.2731,1020372
2021-08-20,89.1683,877469
2021-08-23,89.8703,795938
2021-08-24,90.6113,828351
2021-08-25,91.6031,1170077
2021-08-26,91.5375,1741925
2021-08-27,91.6951,1416886
2021-08-30,90.3330,591008
2021-08-31,89.6603,442234
2021-09-01,89.8562,729611
2021-09-02,88.9985,1088530
2021-09-03,88.7999,947291
2021-09-06,88.0437,846718
2021-09-07,89.7333,1018005
2021-09-08,90.9094,683916
2021-09-09,89.6373,1265469
2021-09-10,89.9156,1038798
2021-09-13,89.8241,1046297
2021-09-14,89.2885,1573160
2021-09-15,89.0430,845016
2021-09-16,88.4610,1119853
2021-09-17,88.4031,1698759
2021-09-20,88.1428,1266764
2021-09-21,89.3924,1222345
2021-09-22,89.1147,963176
2021-09-23,87.9814,919396
2021-09-24,87.5183,746927
2021-09-27,86.3555,1142225
2021-09-28,85.8438,850047
2021-09-29,87.0989,699202
2021-09-30,89.3295,748935
2021-10-01,89.6027,621877
2021-10-04,89.2619,810661
2021-10-05,87.8801,901031
2021-10-06,88.3491,759352
2021-10-07,88.8928,505322
2021-10-08,87.8863,1068072
2021-10-11,87.0344,1375494
2021-10-12,86.5402,746822
2021-10-13,85.6834,583331
2021-10-14,85.0602,537486
2021-10-15,83.7802,401233
2021-10-18,82.5454,1255630
2021-10-19,82.1495,978974
2021-10-20,81.0753,933830
2021-10-21,80.7798,1555747
2021-10-22,80.7867,553007
2021-10-25,80.8933,1010855
2021-10-26,80.3457,809329
2021-10-27,82.4233,792344
2021-10-28,82.1434,859690
2021-10-29,83.1387,656138
2021-11-01,81.9878,781793
2021-11-02,81.8855,532351
2021-11-03,80.8642,958652
2021-11-04,80.6190,1147812
2021-11-05,80.0943,920262
2021-11-08,81.0631,931292
2021-11-09,83.0451,754278
2021-11-10,83.3941,1490261
2021-11-11,83.5789,740451
2021-11-12,83.4331,1145634
2021-11-15,85.8311,1103821
2021-11-16,85.8444,851844
2021-11-17,85.4627,808720
2021-11-18,85.2465,765305
2021-11-19,85.4286,677071
2021-11-22,85.2391,1595779
2021-11-23,86.6392,1055242
2021-11-24,86.3851,1145547
2021-11-25,87.1983,915941
2021-11-26,85.2864,1191538
2021-11-29,85.0833,1011932
2021-11-30,84.6977,987638
2021-12-01,85.1331,965723
2021-12-02,85.1737,897871
2021-12-03,85.8272,412236
2021-12-06,85.7466,1171676
2021-12-07,85.8751,1291652
2021-12-08,85.8370,1618064
2021-12-09,85.7840,876987
2021-12-10,85.7685,881090
2021-12-13,84.7813,1492747
2021-12-14,85.0299,1670750
2021-12-15,86.0140,897752
2021-12-16,86.9881,1399694
2021-12-17,87.1010,2023110
2021-12-20,86.5278,1789846
2021-12-21,86.7433,1765512
2021-12-22,85.3046,1062698
2021-12-23,86.4262,969713
2021-12-24,86.5160,1858281
2021-12-27,86.8577,1040350
2021-12-28,85.6719,906312
2021-12-29,88.2987,1635322
2021-12-30,87.2862,1110865
2021-12-31,86.1773,881348
2022-01-03,86.2392,805149
2022-01-04,86.4123,997834
2022-01-05,85.3508,705465
2022-01-06,84.7166,1493825
2022-01-07,84.4926,1511155
2022-01-10,83.0871,1033266
2022-01-11,81.1363,633346
2022-01-12,80.7632,876755
2022-01-13,81.4996,699261
2022-01-14,82.1097,496883
2022-01-17,82.0287,957388
2022-01-18,83.7413,669805
2022-01-19,83.7620,882416
2022-01-20,83.9184,1238978
2022-01-21,84.7758,825143
2022-01-24,85.6528,737434
2022-01-25,84.9423,1011272
2022-01-26,85.3020,812562
2022-01-27,86.0025,1083505
2022-01-28,88.5523,513269
2022-01-31,89.9446,920216
2022-02-01,90.2474,785098
2022-02-02,92.1078,1895083
2022-02-03,92.4332,1204072
2022-02-04,91.1701,2002520
2022-02-07,92.3249,1194492
2022-02-08,91.0564,831490
2022-02-09,92.0145,1462803
2022-02-10,92.1210,928200
2022-02-11,92.0653,926518
2022-02-14,91.5140,1025018
2022-02-15,90.8343,1407429
2022-02-16,91.3029,882833
2022-02-17,91.3541,427999
2022-02-18,93.8575,1493355
2022-02-21,93.1371,1144760
2022-02-22,93.7157,688295
2022-02-23,94.5702,920071
2022-02-24,93.9373,1351477
2022-02-25,94.9530,608153
2022-02-28,95.7110,628643
2022-03-01,93.3621,767352
2022-03-02,93.6367,1125857
2022-03-03,95.5517,600203
2022-03-04,95.9656,1399283
2022-03-07,96.3473,730550
2022-03-08,95.0156,513909
2022-03-09,96.2062,1110614
2022-03-10,96.3446,1278208
2022-03-11,97.9076,838823
2022-03-14,97.5039,758736
2022-03-15,97.1579,1172558
2022-03-16,97.2743,980065
2022-03-17,98.0460,555192
2022-03-18,97.8232,2491442
2022-03-21,98.3587,641635
2022-03-22,96.9425,1050552
2022-03-23,93.6348,1441018
2022-03-24,93.5753,879884
2022-03-25,93.8822,1269675
2022-03-28,94.4592,1069397
2022-03-29,96.2574,1204011
2022-03-30,95.2086,586407
2022-03-31,95.2610,863676
2022-04-01,94.7897,937384
2022-04-04,93.6743,779252
2022-04-05,95.2383,1468563
2022-04-06,94.7418,972618
2022-04-07,96.2565,1103170
2022-04-08,97.3767,1202461
2022-04-11,97.0209,607151
2022-04-12,96.8664,732631
2022-04-13,97.5858,842218
2022-04-14,99.2972,786567
2022-04-15,97.8234,1191442
2022-04-18,99.0140,1495383
2022-04-19,100.7927,956353
2022-04-20,101.9781,877500
2022-04-21,101.0832,868970
2022-04-22,101.5942,1436271
2022-04-25,104.5937,1184382
2022-04-26,105.1076,1628992
2022-04-27,105.0350,658514
2022-04-28,107.6770,699067
2022-04-29,108.5918,767323
2022-05-02,110.8019,1367243
2022-05-03,111.8996,732740
2022-05-04,113.4617,1349193
2022-05-05,110.3180,1125305
2022-05-06,109.4654,2168645
2022-05-09,110.5910,661130
2022-05-10,110.2521,825475
2022-05-11,111.5077,1374733
2022-05-12,110.5726,1136984
2022-05-13,110.3641,1907599
2022-05-16,110.2482,409519
2022-05-17,109.6648,849061
2022-05-18,112.4275,795626
2022-05-19,112.7681,814185
2022-05-20,114.3747,1378945
2022-05-23,117.3413,1010748
2022-05-24,116.7468,1516299
2022-05-25,116.2293,894157
2022-05-26,117.8126,925011
2022-05-27,120.4647,563993
2022-05-30,120.4088,1236720
2022-05-31,123.2374,885875
2022-06-01,121.4195,1230787
2022-06-02,121.2013,859708
2022-06-03,120.4748,1054499
2022-06-06,119.7807,888640
2022-06-07,119.6326,910150
2022-06-08,120.2483,1192806
2022-06-09,120.4181,739742
2022-06-10,120.0612,632718
2022-06-13,119.4246,2036263
2022-06-14,122.2545,689512
2022-06-15,121.9939,860317
2022-06-16,119.8361,1352819
2022-06-17,120.5437,560152
2022-06-20,120.7995,1051262
2022-06-21,121.2672,1842340
2022-06-22,118.9828,1241226
2022-06-23,119.1953,1627541
2022-06-24,118.7416,1094064
2022-06-27,119.8910,1660454
2022-06-28,123.2738,1105097
2022-06-29,122.7841,889584
2022-06-30,123.5614,854113
2022-07-01,122.3693,841205
2022-07-04,120.9744,1502741
2022-07-05,119.9410,804371
2022-07-06,119.5459,1125593
2022-07-07,121.0074,1147218
2022-07-08,117.4439,986622
2022-07-11,116.9000,1088563
2022-07-12,114.6498,1171874
2022-07-13,114.8950,1586477
2022-07-14,116.0096,846296
2022-07-15,114.3702,567601
2022-07-18,112.3076,471242
2022-07-19,112.7288,1515170
2022-07-20,113.3183,840186
2022-07-21,115.0362,1351969
2022-07-22,113.1855,628543
2022-07-25,113.4414,825779
2022-07-26,112.9678,639170
2022-07-27,111.9743,829403
2022-07-28,114.7732,960140
2022-07-29,113.8290,553019
2022-08-01,114.2383,806278
2022-08-02,113.8719,773628
2022-08-03,111.9391,1118095
2022-08-04,113.7913,849427
2022-08-05,114.4467,1031188
2022-08-08,112.3417,719033
2022-08-09,110.3351,702524
2022-08-10,108.2574,1094118
2022-08-11,107.7678,559573
2022-08-12,109.5948,1216495
2022-08-15,109.9325,948812
2022-08-16,108.9894,1665844
2022-08-17,111.3989,1064539
2022-08-18,108.9730,903594
2022-08-19,109.0505,1772365
2022-08-22,109.0967,870615
2022-08-23,108.6169,1086210
2022-08-24,108.5726,1007708
2022-08-25,105.7578,740355
2022-08-26,104.4976,923356
2022-08-29,104.0962,666258
2022-08-30,103.5475,609293
2022-08-31,104.1949,1313896
2022-09-01,106.0183,646401
2022-09-02,107.7453,998943
2022-09-05,107.7442,1038145
2022-09-06,106.9965,763101
2022-09-07,105.8636,697929
2022-09-08,105.6449,1261724
2022-09-09,103.7568,951922
2022-09-12,105.5877,803490
2022-09-13,104.7605,1194915
2022-09-14,103.3241,1440471
2022-09-15,104.7123,1190132
2022-09-16,101.4952,845627
2022-09-19,99.7214,758007
2022-09-20,100.8489,1616081
2022-09-21,100.8235,896736
2022-09-22,99.9524,703166
2022-09-23,98.5962,485174
2022-09-26,100.0336,566564
2022-09-27,100.5161,746280
2022-09-28,99.2427,1428094
2022-09-29,99.0031,518153
2022-09-30,100.1207,648174
2022-10-03,99.9391,1450356
2022-10-04,99.2789,1594049
2022-10-05,99.0315,843216
2022-10-06,99.5499,441085
2022-10-07,98.1898,952520
2022-10-10,99.1003,1046014
2022-10-11,99.2661,1516372
2022-10-12,98.2944,1284978
2022-10-13,95.0096,643786
2022-10-14,94.5549,669941
2022-10-17,92.9291,1006841
2022-10-18,93.2031,1387122
2022-10-19,93.4020,846639
2022-10-20,93.1216,1865553
2022-10-21,95.8836,491699
2022-10-24,95.9356,867041
2022-10-25,95.4914,579075
2022-10-26,95.2599,945442
2022-10-27,92.8224,1156164
2022-10-28,93.6705,790377
2022-10-31,93.0861,1211131
2022-11-01,93.5339,600095
2022-11-02,94.0947,1182855
2022-11-03,93.0742,722897
2022-11-04,92.3881,2144523
2022-11-07,94.0084,714028
2022-11-08,93.4787,613593
2022-11-09,92.4983,622911
2022-11-10,93.2261,1070675
2022-11-11,92.0393,603865
2022-11-14,91.3928,752851
2022-11-15,93.0776,1589410
2022-11-16,94.5898,862642
2022-11-17,92.6845,927493
2022-11-18,93.1871,933759
2022-11-21,93.3894,726798
2022-11-22,93.4539,840115
2022-11-23,95.5878,2035816
2022-11-24,96.8369,1464572
2022-11-25,96.1140,751545
2022-11-28,95.6887,809082
2022-11-29,96.2423,668088
2022-11-30,96.3332,582062
2022-12-01,96.2786,798109
2022-12-02,97.0828,904214
2022-12-05,98.6428,1222752
2022-12-06,100.1387,647487
2022-12-07,102.4140,984329
2022-12-08,103.3012,1032836
2022-12-09,103.4650,664663
2022-12-12,104.3884,693873
2022-12-13,104.7427,1073734
2022-12-14,105.0121,1095294
2022-12-15,104.2948,914380
2022-12-16,102.8848,963050
2022-12-19,102.6930,1039187
2022-12-20,102.7246,1194451
2022-12-21,102.6750,688927
2022-12-22,102.6003,984717
2022-12-23,101.1733,1196469
2022-12-26,101.6345,986117
2022-12-27,102.0560,475976
2022-12-28,102.9289,773047
2022-12-29,102.5263,1260085
2022-12-30,102.7409,1546625
2023-01-02,101.2698,530803
2023-01-03,102.9650,1403570
2023-01-04,104.0566,986821
2023-01-05,105.8811,662676
2023-01-06,106.3987,1651432
2023-01-09,104.8084,1195101
2023-01-10,103.9429,2310437
2023-01-11,105.5929,1128169
2023-01-12,104.5216,838805
2023-01-13,105.2521,716049
2023-01-16,105.1326,1684710
2023-01-17,104.3280,1319896
2023-01-18,106.2796,1749546
2023-01-19,107.3137,1491876
2023-01-20,108.7387,958316
2023-01-23,107.8203,884772
2023-01-24,107.0382,782007
2023-01-25,107.7988,465925
2023-01-26,106.7861,1457302
2023-01-27,107.0974,662360
2023-01-30,105.3243,960287
2023-01-31,105.8347,1354031
2023-02-01,105.1553,661462
2023-02-02,107.1393,917407
2023-02-03,109.4522,824077
2023-02-06,111.5544,762477
2023-02-07,111.9533,1168860
2023-02-08,113.3005,736066
2023-02-09,112.4734,1612890
2023-02-10,111.1844,777659
2023-02-13,109.3029,1692764
2023-02-14,106.6953,1107374
2023-02-15,104.5610,761499
2023-02-16,104.6801,999994
2023-02-17,104.5014,1978030
2023-02-20,103.0384,911071
2023-02-21,101.3029,583368
2023-02-22,103.0925,1943922
2023-02-23,104.0074,982331
2023-02-24,103.0608,830869
2023-02-27,100.5034,974683
2023-02-28,100.0047,1300216
2023-03-01,100.1723,880938
2023-03-02,99.6232,1279581
2023-03-03,99.6087,1040546
2023-03-06,99.5686,834676
2023-03-07,101.2936,1214949
2023-03-08,100.4914,782886
2023-03-09,98.4964,876784
2023-03-10,99.5529,380331
2023-03-13,100.0856,632474
2023-03-14,99.5227,1217790
2023-03-15,98.6718,999465
2023-03-16,96.8611,1119399
2023-03-17,96.9834,1011615
2023-03-20,98.6728,1065510
2023-03-21,98.6528,685241
2023-03-22,99.8202,993395
2023-03-23,96.9805,497840
2023-03-24,95.2443,1088856
2023-03-27,96.9916,351268
2023-03-28,96.7777,857275
2023-03-29,97.4601,1517246
2023-03-30,99.7432,1621579
2023-03-31,99.0055,703025
2023-04-03,96.2425,757181
2023-04-04,96.8461,1024470
2023-04-05,96.6625,1039692
2023-04-06,97.9328,1005742
2023-04-07,97.3368,1062218
2023-04-10,96.8903,1415899
2023-04-11,94.8803,1365983
2023-04-12,93.7342,470298
2023-04-13,92.7237,624282
2023-04-14,90.4809,882549
2023-04-17,91.7296,1207228
2023-04-18,91.4870,686935
2023-04-19,91.8982,909861
2023-04-20,93.8124,852700
2023-04-21,94.0446,990975
2023-04-24,93.0242,526842
2023-04-25,93.5150,1061303
2023-04-26,92.0846,815000
2023-04-27,93.4794,1168781
2023-04-28,94.1983,579016
2023-05-01,94.7936,1297157
2023-05-02,95.1036,1064170
2023-05-03,93.9220,1536367
2023-05-04,90.8548,936381
2023-05-05,90.6718,650128
2023-05-08,91.4309,1457488
2023-05-09,91.9766,1226102
2023-05-10,93.2736,676628
2023-05-11,91.3551,916430
2023-05-12,89.9641,859759
2023-05-15,90.5837,1785214
2023-05-16,90.7627,957635
2023-05-17,91.8232,1142730
2023-05-18,93.0344,1318774
2023-05-19,92.1284,827402
2023-05-22,92.4582,793813
2023-05-23,92.1914,838359
2023-05-24,92.9635,2292350
2023-05-25,93.0910,766521
2023-05-26,93.3123,1057894
2023-05-29,94.2384,723853
2023-05-30,93.6190,1302838
2023-05-31,94.8970,1420396
2023-06-01,95.1420,881268
2023-06-02,95.0671,504612
2023-06-05,96.7224,577224
2023-06-06,95.0640,1277583
2023-06-07,96.4558,776766
2023-06-08,97.3387,1447004
2023-06-09,97.8211,1401290
2023-06-12,98.3376,397981
2023-06-13,98.0165,1172701
2023-06-14,97.4775,1052346
2023-06-15,98.5498,1162770
2023-06-16,98.9170,543335
2023-06-19,98.9331,836767
2023-06-20,99.0004,2170761
2023-06-21,97.5880,707589
2023-06-22,98.4078,678172
2023-06-23,98.5276,584605
2023-06-26,99.3781,905329
2023-06-27,97.6833,817006
2023-06-28,97.7825,1149525
2023-06-29,97.1546,693040
2023-06-30,96.4440,1445667
2023-07-03,97.1224,1311269
2023-07-04,96.7040,1147880
2023-07-05,94.7397,847277
2023-07-06,94.7042,1184788
2023-07-07,95.1380,878293
2023-07-10,96.6802,967185
2023-07-11,95.9865,932581
2023-07-12,96.6779,1938210
2023-07-13,95.4007,967597
2023-07-14,97.5577,922173
2023-07-17,98.0465,906084
2023-07-18,99.5579,1431354
2023-07-19,98.6429,1356521
2023-07-20,99.8163,1158367
2023-07-21,99.8386,1210833
2023-07-24,97.9867,792651
2023-07-25,96.6574,1358697
2023-07-26,93.5325,662286
2023-07-27,95.3347,422167
2023-07-28,94.4416,1132182
2023-07-31,93.6303,958530
2023-08-01,94.5554,1394734
2023-08-02,94.6501,814589
2023-08-03,93.5794,451569
2023-08-04,92.9517,1270345
2023-08-07,96.3143,994719
2023-08-08,96.3476,421180
2023-08-09,95.4968,1326539
2023-08-10,96.8494,583300
2023-08-11,97.3977,719262
2023-08-14,96.5131,864775
2023-08-15,95.4356,979030
2023-08-16,96.3172,770603
2023-08-17,97.5845,1998592
2023-08-18,95.7969,1036039
2023-08-21,94.3045,908038
2023-08-22,93.0076,916473
2023-08-23,93.5024,563803
2023-08-24,91.0468,1365777
2023-08-25,89.6432,1044690
2023-08-28,89.7217,1071459
2023-08-29,91.0533,882969
2023-08-30,91.6568,1175932
2023-08-31,90.9970,1115105
2023-09-01,92.1522,865348
2023-09-04,92.9130,1005781
2023-09-05,92.8007,680843
2023-09-06,92.1736,943803
2023-09-07,94.4100,1163924
2023-09-08,92.3930,1361493
2023-09-11,93.2672,1764146
2023-09-12,92.4050,633511
2023-09-13,93.3982,719932
2023-09-14,92.8448,1212737
2023-09-15,93.8672,962152
2023-09-18,93.0320,448549
2023-09-19,91.8180,1367037
2023-09-20,92.2108,498163
2023-09-21,91.7752,970236
2023-09-22,91.3460,2044620
2023-09-25,90.5241,1414906
2023-09-26,90.7909,1098756
2023-09-27,90.0976,946027
2023-09-28,90.7939,1505821
2023-09-29,89.3801,1238547
2023-10-02,88.6166,810920
2023-10-03,88.2846,1514333
2023-10-04,89.9133,727054
2023-10-05,88.7702,651340
2023-10-06,89.4831,1215086
2023-10-09,90.1523,944471
2023-10-10,92.1968,1020778
2023-10-11,91.8600,1783319
2023-10-12,92.3754,905401
2023-10-13,93.5941,851050
2023-10-16,95.0538,1014787
2023-10-17,94.8766,645850
2023-10-18,96.1510,866813
2023-10-19,97.0976,875894
2023-10-20,95.6750,2573753
2023-10-23,94.7084,1044079
2023-10-24,94.0606,1323751
2023-10-25,95.8063,864754
2023-10-26,96.0074,668548
2023-10-27,96.1584,1079547
2023-10-30,96.0510,516295
2023-10-31,95.6532,661193
2023-11-01,93.9861,1339923
2023-11-02,93.0344,1324867
2023-11-03,92.7099,885100
2023-11-06,91.8302,1186927
2023-11-07,90.3562,1023772
2023-11-08,89.4966,963071
2023-11-09,89.9010,978787
2023-11-10,89.6927,905748
2023-11-13,88.4620,520009
2023-11-14,89.0925,1016103
2023-11-15,89.0022,1496788
2023-11-16,89.3962,1440262
2023-11-17,90.5252,767886
2023-11-20,90.2379,933630
2023-11-21,91.0233,650509
2023-11-22,91.9800,651690
2023-11-23,92.8649,866204
2023-11-24,91.7711,797716
2023-11-27,92.8923,791655
2023-11-28,93.8493,786380
2023-11-29,95.4373,905809
2023-11-30,96.5887,1074629
2023-12-01,98.8656,1096305
2023-12-04,100.9324,1018351
2023-12-05,103.7419,1611796
2023-12-06,103.9839,997685
2023-12-07,104.4887,978644
2023-12-08,103.6778,1758167
2023-12-11,102.7627,721303
2023-12-12,104.9475,994063
2023-12-13,105.8241,1298894
2023-12-14,106.1304,1705279
2023-12-15,107.4866,1297776
2023-12-18,109.2380,1297648
2023-12-19,111.2037,1452904
2023-12-20,111.8304,1819412
2023-12-21,112.5456,827360
2023-12-22,113.0027,869120
2023-12-25,111.8377,1199844
2023-12-26,110.6739,601703
2023-12-27,109.6912,413363
2023-12-28,109.7990,1156005
2023-12-29,110.6908,800803
2024-01-01,111.5926,1818841
2024-01-02,112.1599,907777
2024-01-03,111.8124,605056
2024-01-04,111.6423,960127
2024-01-05,109.8499,835211
2024-01-08,109.5936,1710793
2024-01-09,109.0440,901380
2024-01-10,112.2458,1053212
2024-01-11,113.5541,1448687
2024-01-12,111.8083,1736523
2024-01-15,113.7712,844067
2024-01-16,112.3247,864468
2024-01-17,111.9882,1604699
2024-01-18,112.3605,2238562
2024-01-19,112.0250,317078
2024-01-22,109.9488,1218584
2024-01-23,110.8022,1907222
2024-01-24,110.6642,1464592
2024-01-25,113.4629,776072
2024-01-26,112.3318,767340
2024-01-29,111.8155,663594
2024-01-30,114.1463,1045088
2024-01-31,116.4042,920375
2024-02-01,117.9499,1428077
2024-02-02,120.6479,1312736
2024-02-05,119.9022,761821
2024-02-06,122.3605,664310
2024-02-07,123.5601,1021406
2024-02-08,122.3506,929528
2024-02-09,125.4129,670563
2024-02-12,124.0789,611516
2024-02-13,128.1198,1335851
2024-02-14,127.4632,1086361
2024-02-15,126.6465,752075
2024-02-16,124.4017,1085463
2024-02-19,124.8740,867325
2024-02-20,124.6282,874839
2024-02-21,124.5369,873155
2024-02-22,124.7371,2201452
2024-02-23,124.7628,668558
2024-02-26,125.7554,825354
2024-02-27,126.8603,2467314
2024-02-28,128.6769,1451288
2024-02-29,127.3311,1941569
2024-03-01,126.1465,969002
2024-03-04,123.8532,757227
2024-03-05,122.6494,739782
2024-03-06,122.8977,763027
2024-03-07,123.8795,896936
2024-03-08,124.0343,810558
2024-03-11,122.3780,1489606
2024-03-12,123.0633,1604933
2024-03-13,124.2211,858174
2024-03-14,120.9104,1607831
2024-03-15,118.5913,795195
2024-03-18,119.5182,778603
2024-03-19,121.5030,826194
2024-03-20,121.1253,1552904
2024-03-21,119.3481,900356
2024-03-22,119.9089,1635462
2024-03-25,117.6639,693664
2024-03-26,117.2008,767842
2024-03-27,115.8113,1418535
2024-03-28,113.2117,1180490
2024-03-29,112.0351,833340
2024-04-01,110.4692,1038868
2024-04-02,109.8068,666050
2024-04-03,109.8775,913913
2024-04-04,109.6753,1286027
2024-04-05,110.1604,934607
2024-04-08,109.1321,1335841
2024-04-09,110.3890,788064
2024-04-10,110.6349,1182468
2024-04-11,112.5173,1201082
2024-04-12,110.7820,1617989
2024-04-15,111.0156,1551864
2024-04-16,114.5094,1378079
2024-04-17,115.3641,1261608
2024-04-18,114.5704,456773
2024-04-19,113.2118,926733
2024-04-22,113.2725,1041364
2024-04-23,115.1177,1538840
2024-04-24,114.6942,1167968
2024-04-25,115.0873,933152
2024-04-26,112.1873,1791321
2024-04-29,112.2527,667770
2024-04-30,111.4224,1304190
2024-05-01,112.0802,1215979
2024-05-02,113.2858,977506
2024-05-03,110.4008,533737
2024-05-06,109.8028,1099710
2024-05-07,110.7220,917346
2024-05-08,108.6289,862157
2024-05-09,107.9372,1115939
2024-05-10,111.0878,598528
2024-05-13,107.3600,1372535
2024-05-14,108.7076,954449
2024-05-15,108.5413,2034814
2024-05-16,106.9946,673887
2024-05-17,106.4592,720575
2024-05-20,109.9944,635755
2024-05-21,110.2031,1025391
2024-05-22,112.2416,1239690
2024-05-23,111.2653,487520
2024-05-24,107.7488,858939
2024-05-27,106.9283,547101
2024-05-28,105.2519,648776
2024-05-29,103.5072,1220714
2024-05-30,102.7826,589178
2024-05-31,101.4346,1180708
2024-06-03,100.1203,871720
2024-06-04,99.3389,1345403
2024-06-05,98.4469,1165579
2024-06-06,97.8978,1082956
2024-06-07,94.8923,1210413
2024-06-10,94.7256,1254754
2024-06-11,94.6591,784521
2024-06-12,95.4139,724630
2024-06-13,97.7252,1324799
2024-06-14,99.4796,784128
2024-06-17,101.1872,422994
2024-06-18,100.5041,1496139
2024-06-19,99.6836,956942
2024-06-20,100.4220,825788
2024-06-21,98.9110,811426
2024-06-24,98.5526,952296
2024-06-25,99.3306,575522
2024-06-26,100.0974,901153
2024-06-27,100.3839,536545
2024-06-28,101.3401,1207211
2024-07-01,102.7010,724415
2024-07-02,105.3568,1330252
2024-07-03,107.8283,1536097
2024-07-04,107.6036,871896
2024-07-05,107.8862,625637
2024-07-08,107.1858,863089
2024-07-09,107.1826,810862
2024-07-10,107.2570,972966
2024-07-11,106.0418,575817
2024-07-12,109.6562,719549
2024-07-15,113.8961,1346697
2024-07-16,113.7201,1020008
2024-07-17,114.7208,2217254
2024-07-18,113.5702,910132
2024-07-19,111.5905,1133294
2024-07-22,111.5724,669874
2024-07-23,110.8721,548576
2024-07-24,111.6823,1714690
2024-07-25,111.6795,458082
2024-07-26,112.6821,661850
2024-07-29,112.9052,912682
2024-07-30,114.0120,595611
2024-07-31,113.8388,961455
2024-08-01,113.4195,740033
2024-08-02,113.9411,1065076
2024-08-05,116.8069,872989
2024-08-06,116.7858,1182393
2024-08-07,117.3455,545997
2024-08-08,118.1853,887239
2024-08-09,117.0899,419863
2024-08-12,117.4281,835949
2024-08-13,117.3282,1546148
2024-08-14,113.6273,909848
2024-08-15,112.8616,900118
2024-08-16,113.2544,1360678
2024-08-19,111.4333,492669
2024-08-20,111.1841,1197042
2024-08-21,111.9350,967373
2024-08-22,113.7907,785193
2024-08-23,114.3877,532300
2024-08-26,114.7204,1084574
2024-08-27,112.0661,1433284
2024-08-28,113.0957,625190
2024-08-29,112.4685,841850
2024-08-30,111.4421,1105886
